stretch_exponent,coefficient_of_variation,adaptive_model_seconds,nonadaptive_model_seconds,uncalibrated_reduction_percent,predicted_reduction_percent,regime
0.0,6.30193113756186e-16,135.3,135.3,0.0,0.0,interpolation
0.008333333333333333,0.015865913682429133,135.60329652193394,135.6810364355702,0.05729607886152933,0.05980374977308951,interpolation
0.016666666666666666,0.03180110297545887,135.91074954528528,136.06934488406407,0.11655478970219924,0.12165602981403292,interpolation
0.025,0.04779875857642982,136.2222886098533,136.46488743986296,0.1777738102166118,0.18555441617735832,interpolation
0.03333333333333333,0.06385197930506417,136.53783903851183,136.8676193460375,0.2409483770532172,0.251493937034455,interpolation
0.041666666666666664,0.07995378533984668,136.85732206021277,137.27748904092135,0.30607128936000416,0.3194670763744476,interpolation
0.05,0.09609713178568792,137.18065494604323,137.69443822499775,0.3731329206739486,0.3894637864140091,interpolation
0.058333333333333334,0.11227492251834947,137.50775115787116,138.1184019479801,0.44212123909377804,0.4614715086530241,interpolation
0.06666666666666667,0.12848002424908375,137.83852050903883,138.54930871585444,0.5130218356219561,0.5354752034570138,interpolation
0.075,0.14470528075130626,138.1728693364977,138.98708061754232,0.5858179605089427,0.6114573879920712,interpolation
0.08333333333333333,0.16094352718988736,138.51070068370223,139.4316334707235,0.6604905673823684,0.6893981822854319,interpolation
0.09166666666666666,0.17718760449284923,138.8519144935265,139.88287698625797,0.7370183648944804,0.7692753631333683,interpolation
0.1,0.19343037370487198,139.1964078104021,140.34071495053252,0.8153778755750027,0.851064425529856,interpolation
0.10833333333333334,0.20966473026208438,139.54407499082768,140.80504542496328,0.8955435015342452,0.9347386512453024,interpolation
0.11666666666666667,0.22588361812810165,139.89480792135427,141.27576096178763,0.9774875966209629,1.0202691841425324,interpolation
0.125,0.24208004373221156,140.248496243109,141.75274883518932,1.061180544603942,1.1076251117801375,interpolation
0.13333333333333333,0.25824708965195425,140.60502758188906,142.23589128672177,1.1465908429154357,1.196773552821102,interpolation
0.14166666666666666,0.27437792798409905,140.96428778283146,142.7250657839183,1.2336851914663693,1.2876797497351722,interpolation
0.15,0.29046583335017395,141.32616114864626,143.22014529091513,1.3224285860216929,1.3803071662609576,interpolation
0.15833333333333333,0.3065041954852065,141.6905306803886,143.72099854985413,1.412784415605903,1.4746175890745894,interpolation
0.16666666666666666,0.3224865313611966,142.05727831974465,144.2274903717887,1.504714563395423,1.5705712330978456,interpolation
0.175,0.3384064967999958,142.42628519180727,144.73948193577652,1.5981795105468621,1.6681268498706492,interpolation
0.18333333333333332,0.3542578975337132,142.7974318473292,145.2568310948164,1.6931384424060756,1.7672418384085695,interpolation
0.19166666666666665,0.3700346996744444,143.17059850346067,145.77939268726885,1.789549356543599,1.8678723579666294,interpolation
0.2,0.3857310395590095,143.54566528200374,146.30701885239537,1.887369172067868,1.969973442136825,interpolation
0.20833333333333334,0.40134123293844237,143.92251244424244,146.83955934864747,1.9865538396767841,2.073499113716305,interpolation
0.21666666666666667,0.41685978348614466,144.3010206214513,147.376861873356,2.087058451921605,2.178402499797169,interpolation
0.225,0.4322813906028986,144.6810710402215,147.91877238248594,2.1888373531741117,2.284635946546555,interpolation
0.23333333333333334,0.44760095650123893,145.0625457417962,148.46513540915674,2.291844248808513,2.392151133167095,interpolation
0.24166666666666667,0.4628135925560198,145.44532779465402,149.01579437966217,2.396032313132741,2.5008991845520265,interpolation
0.25,0.47791462491229914,145.82930149963826,149.57059192577202,2.5013542956294934,2.610830782176077,interpolation
0.2583333333333333,0.4928995993459106,146.21435258698895,150.12937019215136,2.6077626250956447,2.7218962727927294,interpolation
0.26666666666666666,0.5077642853762119,146.60036840469195,150.69197113778904,2.7152095112989327,2.8340457745401086,interpolation
0.275,0.5225046796345146,146.98723809762853,151.25823683039573,2.8236470438011403,2.9472292800893434,interpolation
0.2833333333333333,0.5371170084955432,147.37485277706847,151.82800973279865,2.933027287631095,3.0613967565048754,interpolation
0.2916666666666667,0.5515977299829184,147.76310568012025,152.40113298043653,3.0433023755221407,3.17649824151888,interpolation
0.3,0.5659435349631258,148.151892318813,152.97745064913306,3.1544245964641524,3.292483935958925,interpolation
0.30833333333333335,0.5801513476456365,148.54111061855303,153.55680801240717,3.266346480352,3.4093042921012326,interpolation
0.31666666666666665,0.5942183254098177,148.9306610457631,154.139051787663,3.379020878547259,3.52691009775833,interpolation
0.325,0.6081418579819997,149.3204467245725,154.72403037067954,3.4924010402013415,3.6452525559425997,interpolation
0.3333333333333333,0.621919565988483,149.7103735424901,155.31159405790717,3.6064406842213566,3.7642833599818686,interpolation
0.3416666666666667,0.6355492989124614,150.10035024505095,155.90159525615826,3.7210940667896453,3.883954763994056,interpolation
0.35,0.6490291324846896,150.4902885194822,156.49388867936088,3.836316044378843,4.004219648660214,interpolation
0.35833333333333334,0.6623573655393538,150.8801030674889,157.08833153212387,3.952062132231263,4.125031582263368,interpolation
0.36666666666666664,0.6755325163679058,151.26971166731076,157.6847836799401,4.068288558298877,4.246344876989285,interpolation
0.375,0.6885533186046756,151.65903522524468,158.28310780592597,4.184952312664464,4.36811464051063,interpolation
0.3833333333333333,0.7014187166788447,152.04799781687623,158.88316955407183,4.302011192487835,4.490296822900348,interpolation
0.39166666666666666,0.714127860867896,152.43652671829722,159.48483765904103,4.419423842542474,4.612848258942467,interpolation
0.4,0.7266801019879084,152.82455242762572,160.08798406262156,4.537149791426323,4.735726705927719,interpolation
0.4083333333333333,0.739074985756106,153.21200867717454,160.69248401699446,4.655149483549462,4.858890877041215,interpolation
0.4166666666666667,0.7513122468608827,153.59883243664316,161.2982161750373,4.773384307014867,4.982300470463465,interpolation
0.425,0.7633918027741275,153.9849639077306,161.90506266793338,4.891816617524111,5.10591619432235,interpolation
0.43333333333333335,0.7753137473400962,154.37034651058826,162.5129091704027,5.010409758449756,5.229699787644022,interpolation
0.44166666666666665,0.7870783441742956,154.75492686254594,163.12164495391258,5.129128077227592,5.3536140374625845,interpolation
0.45,0.7986860199049738,155.13865474955995,163.73116292826415,5.247936938228955,5.477622792255785,interpolation
0.4583333333333333,0.8101373572887057,155.52148309083833,164.34135967198168,5.366802732280811,5.601690971881769,interpolation
0.4666666666666667,0.8214330882304276,155.90336789710597,164.95213545195998,5.485692883005651,5.72578457419645,interpolation
0.475,0.8325740867369722,156.28426822297524,165.5633942328497,5.604575850156963,5.849870678534965,interpolation
0.48333333333333334,0.8435613618317934,156.66414611388637,166.17504367667755,5.723421130128467,5.973917446243195,interpolation
0.49166666666666664,0.8543960504571364,157.0429665480828,166.78699513321703,5.842199253815578,6.0978941184456374,interpolation
0.5,0.865079410388399,157.42069737407365,167.3991636216291,5.960881782007996,6.221771011236334,interpolation
0.5083333333333333,0.8756128131839016,157.79730924403978,168.01146780391034,6.079441298490238,6.345519508477446,interpolation
0.5166666666666666,0.8859977371917187,158.17277554361772,168.62382995067884,6.197851401025569,6.469112052388571,interpolation
0.525,0.8962357606336363,158.54707231849483,169.23617589983644,6.316086690394156,6.592522132105134,interpolation
0.5333333333333333,0.9063285547847258,158.920178198229,169.8484350086397,6.434122757654392,6.7157242703821804,interpolation
0.5416666666666666,0.9162778772654466,159.29207431769711,170.46054009970885,6.5519361697897205,6.838694008613007,interpolation
0.55,0.9260855654616368,159.66274423655602,171.07242740149331,6.669504453899913,6.961407890328538,interpolation
0.5583333333333333,0.9357535300862193,160.03217385708894,171.68403648370673,6.786806080088635,7.083843443335935,interpolation
0.5666666666666667,0.9452837488949684,160.40035134078673,172.29531018822723,6.9038204431946735,7.2059791606502595,interpolation
0.575,0.954678260567223,160.76726702400134,172.90619455594964,7.0205278435066925,7.327794480365167,interpolation
0.5833333333333334,0.9639391587610413,161.13291333298676,173.51663875005772,7.136909466595372,7.44926976460237,interpolation
0.5916666666666667,0.9730685863509386,161.4972846986252,174.12659497616937,7.2529473623903264,7.5703862776728075,interpolation
0.6,0.982068729855071,161.86037747111789,174.73601839978926,7.368624423621926,7.691126163574945,interpolation
0.6083333333333333,0.9909418140574965,162.22218983490112,175.3448670614859,7.483924363741554,7.811472422948661,interpolation
0.6166666666666667,0.9996900968299824,162.5827217240281,175.95310179018827,7.598831694426973,7.931408889596093,interpolation
0.625,1.0083158641567433,162.94197473824102,176.5606861149809,7.713331702772743,8.050920206673757,interpolation
0.6333333333333333,1.0168214253644523,163.29995205993748,177.16758617575255,7.827410428258695,8.169991802653,interpolation
0.6416666666666666,1.02520910855892,163.65665837221923,177.77377063303493,7.941054639582686,8.288609867138794,interpolation
0.65,1.0334812562689382,164.01209977819235,178.37921057734826,8.05425181143858,8.406761326631367,interpolation
0.6583333333333333,1.0416402212969695,164.3662837216731,178.98387943834751,8.166990101312198,8.524433820306582,interpolation
0.6666666666666666,1.0496883627755915,164.71921890943662,179.58775289404633,8.279258326363653,8.641615675886479,interpolation
0.675,1.057628042427932,165.07091523512875,180.19080878037164,8.391045940457488,8.7582958856641,interpolation
0.6833333333333333,1.0654616210296906,165.4213837049491,180.7930270012865,8.502343011397233,8.874464082741675,interpolation
0.6916666666666667,1.0731914550697739,165.77063636519767,181.39438943969725,8.613140198414756,8.990110517534738,interpolation
0.7,1.080819893606083,166.11868623176457,181.99487986934344,8.723428729960204,9.105226034590027,interpolation
0.7083333333333334,1.0883492753125095,166.4655472216275,182.59448386784942,8.833200381833572,9.219802049759913,interpolation
0.7166666666666667,1.0957819257128354,166.81123408641423,183.19318873110245,8.942447455693477,9.33383052777059,interpolation
0.725,1.1031201545968699,167.15576234807162,183.7909833891027,9.051162757975328,9.447303960217553,interpolation
0.7333333333333333,1.1103662536138579,167.4991482366746,184.38785832341568,9.159339579246227,9.560215344016923,interpolation
0.7416666666666667,1.1175224940379571,167.84140863039715,184.98380548634162,9.266971674020507,9.672558160337577,interpolation
0.75,1.124591124700376,168.18256099766106,185.5788182219049,9.374053241055968,9.784326354035013,interpolation
0.7583333333333333,1.131574370082583,168.52262334146633,186.17289118874788,9.480578904147308,9.89551431360417,interpolation
0.7666666666666666,1.1384744285649,168.86161414590185,186.76602028500608,9.586543693430954,10.006116851666025,interpolation
0.775,1.1452934708246634,169.19955232482744,187.35820257522502,9.69194302721111,10.116129185998227,interpolation
0.7833333333333333,1.1520336383781136,169.53645717271047,187.94943621937074,9.796772694316047,10.225546921119179,interpolation
0.7916666666666666,1.1586970422601142,169.87234831759764,188.5397204039739,9.901028836989191,10.334366030430314,interpolation
0.8,1.1652857618358126,170.20724567619294,189.1290552754371,10.004707934318972,10.442582838920732,interpolation
0.8083333333333333,1.1718018437383755,170.54116941101222,189.71744187552798,10.107806786208489,10.550194006435257,interpolation
0.8166666666666667,1.17824730092696,170.87413988957837,190.3048820790689,10.210322497883864,10.657196511504775,interpolation
0.825,1.1846241118591683,171.2061776456178,190.8913785338304,10.312252464939855,10.76358763573734,interpolation
0.8333333333333334,1.1909342197722885,171.53730334221518,191.4769346026223,10.41359435891765,10.869364948764746,interpolation
0.8416666666666667,1.1971795320677345,171.86753773688326,192.06155430757835,10.51434611341072,10.974526293740292,interpolation
0.85,1.203361919793212,172.19690164849828,192.6452422766148,10.614505910691124,11.079069773379743,interpolation
0.8583333333333333,1.2094832172172292,172.52541592605232,193.2280036920456,10.714072168849677,11.182993736538677,interpolation
0.8666666666666667,1.2155452214907505,172.85310141917176,193.80984424132754,10.8130435294406,11.286296765316374,interpolation
0.875,1.2215496923908797,173.17997895034915,194.39077006990632,10.911418845621837,11.388977662677073,interpolation
0.8833333333333333,1.2274983521416463,173.50606928883508,194.97078773612952,11.00919717078051,11.491035440577601,interpolation
0.8916666666666666,1.2333928853070912,173.8313931261365,195.5499041681901,11.106377747633037,11.59246930859043,interpolation
0.9,1.239234938752036,174.15597105306625,196.12812662306004,11.202959997788701,11.693278663010485,interpolation
0.9083333333333333,1.245026121666043,174.47982353828968,196.70546264737175,11.298943511764762,11.793463076433238,interpolation
0.9166666666666666,1.2507680056462773,174.802970908314,197.28192004020264,11.394328039441131,11.893022287791627,interpolation
0.9249999999999999,1.25646212483511,175.12543332886403,197.85750681771515,11.48911348094264,11.991956192839258,interpolation
0.9333333333333333,1.2621099761084908,175.44723078759344,198.4322311796062,11.583299877935874,12.090264835066328,interpolation
0.9416666666666667,1.2677130193112713,175.76838307807458,199.00610147731436,11.676887405328506,12.187948397035681,interpolation
0.95,1.2732726775358303,176.08890978501574,199.57912618393476,11.769876363357822,12.285007192125052,interpolation
0.9583333333333334,1.2787903374405092,176.40883027065365,200.15131386579196,11.862267170056363,12.381441656662961,interpolation
0.9666666666666667,1.284267349604529,176.72816366226974,200.7226731556173,11.95406035408116,12.477252342444114,interpolation
0.975,1.2897050289162204,177.046928840779,201.2932127272794,12.045256547894786,12.572439909612,interpolation
0.9833333333333333,1.295104654991545,177.36514443034434,201.8629412720167,12.1358564812849,12.667005119894808,interpolation
0.9916666666666667,1.3004674726200525,177.68282878896576,202.43186747611765,12.22586097521019,12.760948830182036,interpolation
1.0,1.3057946922355406,178.0,203.0,12.31527093596059,12.8542719864291,interpolation
1.0083333333333333,1.3110874904088687,178.31667586456348,203.56734745863542,12.404087349619195,12.946975617876886,extrapolation
1.0166666666666666,1.3163470103604675,178.63287389477426,204.13391840326923,12.492311276814528,13.03906083157432,extrapolation
1.025,1.3215743624902632,178.94861130779066,204.6997213043856,12.57994384775122,13.13052880719157,extrapolation
1.0333333333333332,1.32677062492285,179.26390502060474,205.2647645358685,12.666986257507581,13.221380792111804,extrapolation
1.0416666666666667,1.331936844065863,179.57877164554955,205.8290563603091,12.75343976158922,13.311618096790198,extrapolation
1.05,1.3370740351796497,179.89322748648226,206.39260491541364,12.839305671727766,13.40124209036879,extrapolation
1.0583333333333333,1.3421831829564277,180.20728853560465,206.9554182014627,12.924585351913729,13.490254196535705,extrapolation
1.0666666666666667,1.3472652421072526,180.52097047088455,207.51750406977726,13.009280214653696,13.578655889618545,extrapolation
1.075,1.3523211379552227,180.8342886540451,208.07887021214867,13.093391717441616,13.66644869090123,extrapolation
1.0833333333333333,1.357351767033438,181.14725812908563,208.63952415118513,13.176921359434255,13.753634165153947,extrapolation
1.0916666666666666,1.3623579976863547,181.45989362130263,209.19947323153497,13.259870678321978,13.840213917366981,extrapolation
1.1,1.3673406706732485,181.77220953678284,209.75872461194618,13.342241247384782,13.926189589677891,extrapolation
1.1083333333333334,1.3723005997726099,182.08421996233267,210.3172852581187,13.424034672726055,14.01156285848421,extrapolation
1.1166666666666667,1.3772385723863656,182.3959386658223,210.8751619363148,13.505252590674166,14.096335431731301,extrapolation
1.125,1.3821553501429147,182.7073790969118,211.43236120768648,13.585896665344718,14.180509046367925,extrapolation
1.1333333333333333,1.387051669498041,183.01855438813618,211.9888894232854,13.665968586355094,14.264085465960758,extrapolation
1.1416666666666666,1.391928242332836,183.3294773563241,212.54475271971967,13.745470066683515,14.347066478459736,extrapolation
1.15,1.3967857565478479,183.64016050432508,213.09995701542266,13.824402840665748,14.429453894107107,extrapolation
1.1583333333333332,1.401624876652717,183.95061602302468,213.65450800750244,13.902768662121895,14.511249543482212,extrapolation
1.1666666666666667,1.4064462443506556,184.26085579362484,214.20841116913914,13.980569302606742,14.592455275675274,extrapolation
1.175,1.4112504791171419,184.57089139016824,214.7616717474992,14.057806549777204,14.673072956583383,extrapolation
1.1833333333333333,1.4160381787723204,184.88073408228962,215.31429476213947,14.134482205870354,14.753104467321913,extrapolation
1.1916666666666667,1.4208099200465718,185.19039483817238,215.8662850038699,14.210598086286419,14.832551702745507,extrapolation
1.2,1.4255662591388494,185.49988432769538,216.41764703404965,14.28615601827049,14.911416570072081,extrapolation
1.2083333333333333,1.4303077322673605,185.80921292575263,216.96838518429132,14.361157839688174,14.989700987604898,extrapolation
1.2166666666666666,1.4350348562122524,186.11839071572848,217.51850355654452,14.435605397889056,15.067406883546278,extrapolation
1.225,1.4397481288499905,186.42742749311594,218.06800602353997,14.509500548653842,15.144536194898667,extrapolation
1.2333333333333334,1.4444480296791602,186.73633276926233,218.6168962295674,14.582845155219664,15.221090866447286,extrapolation
1.2416666666666667,1.449135020337452,187.04511577522874,219.16517759156625,14.655641087379353,15.297072849819973,extrapolation
1.25,1.4538095451096393,187.35378546575214,219.7128533005098,14.727890220650364,15.372484102619739,extrapolation
1.2583333333333333,1.458472031426364,187.66235052329637,220.25992632305966,14.799594435508787,15.447326587625257,extrapolation
1.2666666666666666,1.4631228903536095,187.97081936218206,220.8063994034743,14.87075561668508,15.521602272055766,extrapolation
1.275,1.467762517072735,188.27920013278498,221.35227506575168,14.941375652517012,15.595313126895697,extrapolation
1.2833333333333332,1.472391291350988,188.58750072579153,221.897555615989,15.011456434357088,15.668461126276165,extrapolation
1.2916666666666667,1.4770095780024375,188.89572877650374,222.44224314494286,15.080999856030173,15.74104824690885,extrapolation
1.3,1.481617727339278,189.20389166918375,222.98633953077393,15.150007813338688,15.813076467569537,extrapolation
1.3083333333333333,1.4862160756134932,189.51199654143025,223.52984644196167,15.218482203612112,15.884547768627913,extrapolation
1.3166666666666667,1.4908049454488677,189.8200502885789,224.0727653403735,15.28642492529767,15.95546413162032,extrapolation
1.325,1.4953846462633726,190.1280595681191,224.61509748447565,15.353837877589738,16.025827538862956,extrapolation
1.3333333333333333,1.499955474681943,190.43603080412186,225.1568439326733,15.420722960095189,16.095639973102575,extrapolation
1.3416666666666666,1.5045177149397058,190.74397019167048,225.69800554676613,15.487082072532063,16.164903417201952,extrapolation
1.35,1.5090716392757084,191.05188370128948,226.2385829955086,15.552917114459502,16.233619853858023,extrapolation
1.3583333333333334,1.513617508317217,191.3597770833661,226.77857675826425,15.618229985036454,16.30179126535,extrapolation
1.3666666666666667,1.518155571454678,191.66765587255938,227.31798712874266,15.683022582807114,16.369419633315452,extrapolation
1.375,1.5226860672074207,191.9755253921916,227.85681421880975,15.74729680551117,16.436506938552217,extrapolation
1.3833333333333333,1.5272092235802082,192.28339075861828,228.39505796236168,15.81105454991693,16.503055160844248,extrapolation
1.3916666666666666,1.531725258410739,192.59125688557228,228.9327181192533,15.874297711675448,16.569066278809334,extrapolation
1.4,1.5362343797082345,192.8991284884797,229.4697942792751,15.937028185194277,16.634542269767355,extrapolation
1.4083333333333332,1.5407367859831986,193.20701008874119,230.0062858661658,15.999247863528858,16.699485109626885,extrapolation
1.4166666666666667,1.5452326665685192,193.5149060179785,230.54219214165798,16.06095863829032,16.763896772788986,extrapolation
1.425,1.5497222019320067,193.8228204222425,231.07751220954833,16.122162399568378,16.82777923206671,extrapolation
1.4333333333333333,1.5542055639805346,194.1307572661789,231.61224501978396,16.182861035867703,16.891134458618694,extrapolation
1.4416666666666667,1.5586829163559055,194.4387203371511,232.14638937256154,16.243056434056815,16.95396442189582,extrapolation
1.45,1.5631544147225909,194.74671324931657,232.67994392243116,16.30275047932814,17.01627108959951,extrapolation
1.4583333333333333,1.5676202070474976,195.0547394476555,233.2129071824009,16.361945055168437,17.07805642765088,extrapolation
1.4666666666666666,1.5720804338719039,195.36280221194966,233.74527752803544,16.42064204333805,17.13932240016905,extrapolation
1.475,1.576535228575707,195.6709046607104,234.27705320154638,16.47884332385873,17.200070969458476,extrapolation
1.4833333333333334,1.580984717634157,195.97904975505384,234.80823231586703,16.536550775008468,17.26030409600353,extrapolation
1.4916666666666667,1.5854290208671984,196.28724030252238,235.33881285870962,16.59376627332298,17.32002373847004,extrapolation
1.5,1.5898682516816072,196.59547896085078,235.8687926965996,16.650491693602923,17.379231853712863,extrapolation
1.5083333333333333,1.5943025173060426,196.90376824167743,236.3981695788845,16.706728908925864,17.437930396788325,extrapolation
1.5166666666666666,1.598731919019191,197.2121105141975,236.92694114171297,16.762479790662926,17.496121320971636,extrapolation
1.525,1.603156552371148,197.52050800876066,237.45510491198226,16.81774620849874,17.553806577777703,extrapolation
1.5333333333333332,1.6075765073981798,197.82896282040906,237.98265831124937,16.87253003045485,17.610988116985556,extrapolation
1.5416666666666667,1.6119918688310366,198.1374769123584,238.50959865960507,16.92683312291542,17.667667886665175,extrapolation
1.55,1.6164027162969485,198.44605211941953,239.0359231795071,16.980657350655235,17.723847833206737,extrapolation
1.5583333333333333,1.6208091245154663,198.7546901513618,239.56162899957093,17.034004576869112,17.77952990135128,extrapolation
1.5666666666666667,1.6252111634882895,199.06339259621734,240.08671315831594,17.086876663202663,17.83471603422286,extrapolation
1.575,1.6296088986832225,199.37216092352492,240.61117260786386,17.139275469783875,17.88940817336147,extrapolation
1.5833333333333333,1.634002391212418,199.68099648751743,241.1350042175912,17.191202855254982,17.943608258756317,extrapolation
1.5916666666666666,1.6383916980050386,199.98990053024733,241.65820477772866,17.24266067680459,17.997318228879376,extrapolation
1.6,1.642776871974482,200.29887418465609,242.180771002913,17.293650790199663,18.050540020718746,extrapolation
1.6083333333333334,1.6471579621803019,200.60791847758267,242.70269953568257,17.344175049816887,18.1032755698114,extrapolation
1.6166666666666667,1.651535013984981,200.91703433271522,243.22398694992216,17.394235308673565,18.15552681027545,extrapolation
1.625,1.6559080692056614,201.22622257348397,243.74462975425124,17.443833418457373,18.207295674841166,extrapolation
1.6333333333333333,1.6602771662609952,201.53548392589727,244.26462439535842,17.492971229555213,18.258584094881122,extrapolation
1.6416666666666666,1.6646423403132213,201.84481902131944,244.7839672612779,17.541650591080586,18.309394000438758,extrapolation
1.65,1.6690036234056105,202.1542283991924,245.30265468460982,17.58987335089959,18.35972732025552,extrapolation
1.6583333333333332,1.6733610445954032,202.46371250970148,245.82068294568393,17.637641355655383,18.409585981796372,extrapolation
1.6666666666666667,1.677714630082354,202.77327171638464,246.33804827566365,17.68495645079075,18.458971911273395,extrapolation
1.675,1.6820644033330188,203.08290629868713,246.8547468595932,17.731820480568988,18.507887033667544,extrapolation
1.6833333333333333,1.686410385200882,203.39261645446163,247.370774839386,17.778235288092826,18.556333272748407,extrapolation
1.6916666666666667,1.69075259404247,203.702402302414,247.88612831675363,17.824202715321302,18.604312551091837,extrapolation
1.7,1.6950910458295294,204.0122638844962,248.40080335607664,17.86972460308452,18.65182679009534,extrapolation
1.7083333333333333,1.6994257542574112,204.32220116824655,248.91479598721637,17.914802791096424,18.698877909991403,extrapolation
1.7166666666666666,1.7037567308497497,204.63221404907785,249.42810220826777,17.959439117965225,18.745467829858395,extrapolation
1.7249999999999999,1.7080839850595546,204.9423023525143,249.94071798825337,18.003635421201714,18.791598467629235,extrapolation
1.7333333333333334,1.7124075243668146,205.25246583637812,250.4526392697589,18.047393537225343,18.837271740097727,extrapolation
1.7416666666666667,1.7167273543727122,205.56270419292616,250.9638619715102,18.09071530136799,18.882489562922515,extrapolation
1.75,1.7210434788905575,205.87301705093705,251.47438199089154,18.133602547875505,18.927253850628674,extrapolation
1.7583333333333333,1.7253559000335272,206.18340397775142,251.98419520640755,18.17605710990698,18.97156651660696,extrapolation
1.7666666666666666,1.729664618299312,206.4938644812625,252.49329748008546,18.218080819531856,19.015429473110785,extrapolation
1.775,1.7339696326517589,206.80439801186185,253.00168465982193,18.25967550772458,19.058844631250647,extrapolation
1.7833333333333332,1.7382709405995993,207.11500396433775,253.5093525816722,18.300843004357304,19.101813900986503,extrapolation
1.7916666666666667,1.742568538272358,207.42568167972894,254.01629707208338,18.34158513819025,19.144339191117716,extrapolation
1.8,1.746862420493515,207.73643044713322,254.52251395007067,18.381903736859762,19.186422409270573,extrapolation
1.8083333333333333,1.7511525808510158,208.04724950547336,255.0279990293409,18.421800626864663,19.228065461884068,extrapolation
1.8166666666666667,1.7554390117652054,208.35813804521882,255.53274812035812,18.461277633549987,19.269270254192897,extrapolation
1.825,1.7597217045542657,208.66909521006585,256.03675703235734,18.500336581089126,19.310038690208845,extrapolation
1.8333333333333333,1.7640006494972353,208.98012009857644,256.5400215753036,18.5389792924636,19.350372672699653,extrapolation
1.8416666666666666,1.7682758358946842,209.29121176577559,257.0425375617981,18.577207589441166,19.390274103166174,extrapolation
1.8499999999999999,1.772547252127121,209.6023692247101,257.5443008089326,18.615023292551804,19.429744881817317,extrapolation
1.8583333333333334,1.7768148857111925,209.91359144796624,258.0453071400906,18.65242822106199,19.46878690754319,extrapolation
1.8666666666666667,1.7810787233537635,210.22487736915087,258.54555238669934,18.689424192947083,19.50740207788627,extrapolation
1.875,1.785338751003925,210.53622588433376,259.04503238993,18.726013024861977,19.545592289010774,extrapolation
1.8833333333333333,1.7895949539030076,210.8476358534533,259.54374300234895,18.762196532110167,19.583359435670374,extrapolation
1.8916666666666666,1.7938473166326616,211.1591061016859,260.04168008951956,18.79797652861103,19.620705411174054,extrapolation
1.9,1.7980958231610635,211.47063542077998,260.53883953155594,18.833354826865616,19.657632107350388,extrapolation
1.9083333333333332,1.8023404568873096,211.7822225703552,261.03521722462915,18.868333237920986,19.694141414510327,extrapolation
1.9166666666666667,1.8065812006840594,212.09386627916714,261.5308090824261,18.902913571333016,19.73023522140837,extrapolation
1.925,1.8108180369384765,212.40556524633968,262.0256110375634,18.937097635127852,19.765915415202336,extrapolation
1.9333333333333333,1.8150509475915313,212.71731814256333,262.51961904295416,18.970887235762007,19.801183881411713,extrapolation
1.9416666666666667,1.8192799141757188,213.02912361126292,263.01282907313225,19.004284178081317,19.83604250387482,extrapolation
1.95,1.8235049178512324,213.34098026973317,263.5052371255309,19.03729026527851,19.870493164704506,extrapolation
1.9583333333333333,1.827725939440658,213.65288671024348,263.9968392217187,19.069907298849763,19.904537744242834,extrapolation
1.9666666666666666,1.8319429594622318,213.96484150111326,264.48763140859336,19.1021370785502,19.9381781210146,extrapolation
1.9749999999999999,1.8361559581617066,214.27684318775806,264.9776097595343,19.133981402348258,19.971416171679724,extrapolation
1.9833333333333334,1.8403649155428765,214.58889029370624,265.466770375513,19.165442066379175,20.004253770984683,extrapolation
1.9916666666666667,1.844569811396806,214.90098132158832,265.95510938616485,19.19652086489766,20.036692791713126,extrapolation
2.0,1.8487706253298049,215.21311475409837,266.44262295081967,19.227219590229492,20.06873510463535,extrapolation
2.0083333333333333,1.8529673367901878,215.52528905492886,266.9293072594953,19.257540032722613,20.100382578457257,extrapolation
2.0166666666666666,1.8571599250938682,215.8375026696796,267.4151585338526,19.287483980697264,20.131637079768286,extrapolation
2.025,1.8613483694488209,216.14975402674003,267.90017302811253,19.31705322039564,20.16250047298889,extrapolation
2.033333333333333,1.865532648978447,216.46204153814804,268.38434702993845,19.346249535930813,20.192974620317216,extrapolation
2.0416666666666665,1.8697127427438938,216.7743636004226,268.8676768612806,19.375074709235125,20.223061381675233,extrapolation
2.05,1.8738886297653505,217.08671859537375,269.35015887918735,19.403530520008164,20.25276261465444,extrapolation
2.058333333333333,1.8780602890423548,217.39910489088874,269.83178947658087,19.431618745664082,20.282080174460866,extrapolation
2.0666666666666664,1.8822276995731677,217.71152084169555,270.31256508300044,19.459341161278815,20.311015913859993,extrapolation
2.075,1.8863908403732157,218.02396479010358,270.79248216531107,19.486699539536634,20.339571683120962,extrapolation
2.0833333333333335,1.8905496904926589,218.33643506672374,271.2715372283824,19.51369565067669,20.36774932996078,extrapolation
2.091666666666667,1.8947042290331009,218.64892999116626,271.74972681573365,19.540331262439004,20.395550699487938,extrapolation
2.1,1.8988544351634853,218.96144787271794,272.2270475101493,19.56660814001059,20.42297763414619,extrapolation
2.1083333333333334,1.9030002881351837,219.273987011,272.7034959342642,19.592528045971033,20.45003197365774,extrapolation
2.1166666666666667,1.9071417672963389,219.58654569660482,273.17906875111873,19.61809274023834,20.47671555496672,extrapolation
2.125,1.911278852105451,219.89912221171477,273.6537626646864,19.64330398001444,20.503030212182324,extrapolation
2.1333333333333333,1.9154115221442687,220.2117148307018,274.12757442037196,19.66816351973068,20.528977776521888,extrapolation
2.1416666666666666,1.9195397571299835,220.5243218207081,274.60050080548297,19.692673110993507,20.554560076254216,extrapolation
2.15,1.9236635369267718,220.83694144220948,275.07253864967345,19.716834502529995,20.57977893664272,extrapolation
2.158333333333333,1.927782841556698,221.1495719495615,275.54368482536285,19.74064944013355,20.60463617988875,extrapolation
2.1666666666666665,1.931897651210004,221.46221159152827,276.01393624812823,19.764119666609734,20.62913362507504,extrapolation
2.175,1.936007946254811,221.7748586117943,276.48328987707123,19.78724692172216,20.65327308810923,extrapolation
2.183333333333333,1.9401137072462533,222.0875112494612,276.9517427151622,19.81003294213876,20.677056381667803,extrapolation
2.1916666666666664,1.9442149149350632,222.40016773952786,277.419291809559,19.832479461378025,20.70048531513995,extrapolation
2.2,1.9483115502756276,222.71282631335507,277.8859342519028,19.854588209755693,20.72356169457195,extrapolation
2.2083333333333335,1.9524035944335503,223.02548519911616,278.35166717859255,19.876360914331684,20.746287322611746,extrapolation
2.216666666666667,1.9564910287927084,223.33814262223228,278.81648777103595,19.897799298857276,20.768663998453842,extrapolation
2.225,1.960573834961857,223.65079680579342,279.2803932558793,19.918905083722624,20.79069351778452,extrapolation
2.2333333333333334,1.9646519947807748,223.9634459709663,279.7433809052173,19.939679985904785,20.812377672727564,extrapolation
2.2416666666666667,1.968725490325975,224.27608833738796,280.2054480367811,19.960125718915922,20.833718251790234,extrapolation
2.25,1.972794303916012,224.58872212354683,280.66659201410766,19.980243992752115,20.85471703980981,extrapolation
2.2583333333333333,1.9768584181163715,224.90134554715064,281.12681024668933,20.000036513842538,20.875375817900558,extrapolation
2.2666666666666666,1.9809178157439877,225.21395682548248,281.58610019010473,20.01950498499898,20.895696363401033,extrapolation
2.275,1.9849724798713921,225.52655417574317,282.0444593461305,20.038651105366142,20.915680449822204,extrapolation
2.283333333333333,1.9890223938305027,225.83913581538437,282.5018852628375,20.05747657037211,20.93532984679577,extrapolation
2.2916666666666665,1.9930675412160737,226.15169996242776,282.95837553466697,20.07598307167956,20.954646320023212,extrapolation
2.3,1.9971079058888244,226.46424483577448,283.4139278024919,20.094172297137437,20.973631631225366,extrapolation
2.308333333333333,2.0011434719782537,226.77676865550325,283.86853975366154,20.112045930733288,20.992287538092665,extrapolation
2.3166666666666664,2.005174223885151,227.089269643158,284.3222091220294,20.1296056525459,21.01061579423572,extrapolation
2.325,2.009200146283823,227.401746022025,284.7749336879668,20.146853138698873,21.028618149136825,extrapolation
2.3333333333333335,2.0132212241240466,227.71419601740013,285.22671127836065,20.163790061314582,21.046296348101958,extrapolation
2.341666666666667,2.017237442632756,228.02661785684643,285.67753976659765,20.180418088468834,21.063652132213402,extrapolation
2.35,2.0212487873154763,228.33900977044226,286.12741707253343,20.196738884146075,21.080687238283023,extrapolation
2.3583333333333334,2.0252552439575204,228.65136999101983,286.5763411624489,20.212754108195437,21.097403398806374,extrapolation
2.3666666666666667,2.0292567986249486,228.9636967543955,287.02431004899273,20.22846541628713,21.1138023419172,extrapolation
2.375,2.0332534376653144,229.2759882995905,287.47132179111156,20.243874459869836,21.129885791342943,extrapolation
2.3833333333333333,2.0372451477081928,229.58824286904397,287.9173744939673,20.258982886128504,21.145655466360708,extrapolation
2.3916666666666666,2.0412319156655108,229.90045870881713,288.36246630884284,20.273792337943025,21.16111308175412,extrapolation
2.4,2.045213728731684,230.2126340687899,288.80659543303574,20.288304453847473,21.176260347770793,extrapolation
2.408333333333333,2.0491905743835725,230.52476720284977,289.2497601097412,20.302520867990072,21.19109897008052,extrapolation
2.4166666666666665,2.0531624403802544,230.8368563690726,289.69195862792355,20.316443210093954,21.205630649734342,extrapolation
2.425,2.0571293147626415,231.14889982989666,290.13318932217743,20.330073105418442,21.219857083124122,extrapolation
2.433333333333333,2.0610911858529306,231.46089585228953,290.5734505725794,20.343412174721298,21.23377996194314,extrapolation
2.4416666666666664,2.065048042253902,231.77284270790705,291.01274080452816,20.356462034221472,21.24740097314721,extrapolation
2.45,2.068999872848082,232.08473867324767,291.4510584885778,20.369224295562734,21.26072179891674,extrapolation
2.4583333333333335,2.0729466667967555,232.39658202979808,291.8884021402594,20.3817005657779,21.273744116619362,extrapolation
2.466666666666667,2.0768884135388634,232.70837106417343,292.32477031989464,20.39389244725387,21.286469598773454,extrapolation
2.475,2.080825102789763,233.02010406825204,292.7601616324024,20.40580153769747,21.298899913012505,extrapolation
2.4833333333333334,2.084756724539884,233.331779339303,293.1945747270948,20.417429430101837,21.311036722049995,extrapolation
2.4916666666666667,2.0886832690532615,233.64339518010863,293.62800829746686,20.428777712713767,21.322881683645328,extrapolation
2.5,2.0926047268659738,233.95494989908144,294.06046108097854,20.43984796900159,21.334436450570323,extrapolation
